symbol,isin,trade_date,exchange,segment,series,trade_type,auction,quantity,price,trade_id,order_id,order_execution_time
SILVERBEES,INF204KC1402,2025-09-02,NSE,EQ,EQ,buy,false,100.000000,118.970001,603382814,1300000026366329,2025-09-02T11:19:40
KPIL,INE220B01022,2025-09-02,NSE,EQ,EQ,buy,false,15.000000,1232.099976,403515506,1200000029378223,2025-09-02T11:20:53
GOODYEAR,INE533A01012,2025-09-16,BSE,EQ,B,buy,false,4.000000,980.250000,14187100,1757993400004046462,2025-09-16T14:13:54
RELIANCE,INE002A01018,2025-09-16,BSE,EQ,A,sell,false,10.000000,1400.050049,17998100,1758009716512703714,2025-09-16T14:15:41
MARUTI,INE585B01010,2025-09-17,NSE,EQ,EQ,sell,false,3.000000,15596.000000,400790042,1200000006291641,2025-09-17T09:30:06
ANANTRAJ,INE242C01024,2025-09-22,NSE,EQ,EQ,sell,false,3.000000,676.599976,3874776,1000000037688307,2025-09-22T11:44:23
PRICOLLTD,INE726V01018,2025-09-24,NSE,EQ,EQ,buy,false,2.000000,554.900024,402051814,1200000021630726,2025-09-24T10:28:18
PRICOLLTD,INE726V01018,2025-09-24,NSE,EQ,EQ,buy,false,18.000000,554.950012,402051815,1200000021630726,2025-09-24T10:28:18
AMBER,INE371P01015,2025-09-29,NSE,EQ,EQ,buy,false,2.000000,8052.000000,3234910,1000000037047255,2025-09-29T11:52:21
STARCEMENT,INE460H01021,2025-09-29,BSE,EQ,A,buy,false,15.000000,253.750000,5259400,1759125015392998131,2025-09-29T11:53:11
STARCEMENT,INE460H01021,2025-09-29,BSE,EQ,A,buy,false,5.000000,253.750000,5264800,1759125015392998133,2025-09-29T11:53:18
STYLAMIND,INE239C01020,2025-10-09,NSE,EQ,EQ,sell,false,3.000000,2018.000000,601729950,1300000014294197,2025-10-09T09:50:42
STYLAMIND,INE239C01020,2025-10-09,NSE,EQ,EQ,sell,false,1.000000,2018.000000,601729949,1300000014294197,2025-10-09T09:50:42
SILVERBEES,INF204KC1402,2025-10-15,BSE,EQ,E,sell,false,60.000000,178.630005,48000,1760499900055019183,2025-10-15T09:15:03
SILVERBEES,INF204KC1402,2025-10-16,NSE,EQ,EQ,buy,false,30.000000,158.940002,606389453,1300000052687091,2025-10-16T13:13:55
INOXGREEN,INE510W01014,2025-10-29,NSE,EQ,EQ,sell,false,50.000000,264.700012,206144779,1100000058672350,2025-10-29T13:23:27
FEDERALBNK,INE171A01029,2025-10-29,BSE,EQ,A,sell,false,20.000000,234.250000,8432900,1761723079716572391,2025-10-29T13:28:21
SRF,INE647A01010,2025-11-06,NSE,EQ,EQ,sell,false,5.000000,2902.000000,608123858,1300000070612374,2025-11-06T15:02:09
CANBK,,2025-11-17,NSE,EQ,EQ,sell,false,10.000000,149.779999,2501415,1000000022760475,2025-11-17T11:24:41
CANBK,,2025-11-17,NSE,EQ,EQ,sell,false,14.000000,149.779999,2501414,1000000022760475,2025-11-17T11:24:41
CANBK,,2025-11-17,NSE,EQ,EQ,sell,false,76.000000,149.779999,2501416,1000000022760475,2025-11-17T11:24:41
SAMHI,,2025-11-17,NSE,EQ,EQ,sell,false,25.000000,183.339996,603610132,1300000027402031,2025-11-17T11:25:06
PRICOLLTD,INE726V01018,2025-11-20,NSE,EQ,EQ,sell,false,10.000000,648.000000,402581705,1200000024550964,2025-11-20T11:11:07
AMBER,,2025-12-05,NSE,EQ,EQ,sell,false,2.000000,6563.500000,4901323,1000000048659701,2025-12-05T15:10:31
TEXRAIL,INE621L01012,2025-12-08,NSE,EQ,EQ,sell,false,70.000000,119.900002,602250293,1300000019326665,2025-12-08T10:37:40
INOXGREEN,INE510W01014,2025-12-09,NSE,EQ,EQ,sell,false,60.000000,190.000000,200748514,1100000006131085,2025-12-09T09:26:59
HIMATSEIDE,INE049A01027,2025-12-09,NSE,EQ,EQ,sell,false,70.000000,113.680000,207995677,1100000073576139,2025-12-09T14:40:47
ARVINDFASN,INE955V01021,2025-12-10,BSE,EQ,A,sell,false,22.000000,490.000000,146600,1765337400024079072,2025-12-10T09:16:08
ADSL,INE102I01027,2025-12-11,NSE,EQ,EQ,sell,false,35.000000,154.000000,45507,1000000000240732,2025-12-11T09:15:04
ADSL,INE102I01027,2025-12-11,NSE,EQ,EQ,sell,false,7.000000,154.000000,401677,1000000000240732,2025-12-11T09:15:04
ARE&M,INE885A01032,2025-12-11,BSE,EQ,A,buy,false,3.000000,930.000000,7278700,1765445499393621298,2025-12-11T15:22:38
ICICIAMC,INE346A01027,2025-12-19,BSE,EQ,A,sell,false,10.000000,2585.250000,73257800,1766126893625775810,2025-12-19T12:58:46
AGARIND,INE204E01012,2025-12-19,NSE,EQ,EQ,sell,false,4.000000,709.750000,3627501,1000000033255312,2025-12-19T13:04:53
AGARIND,INE204E01012,2025-12-19,NSE,EQ,EQ,sell,false,9.000000,709.799988,3627500,1000000033255312,2025-12-19T13:04:53
TVSMOTOR,INE494B01023,2025-12-22,NSE,EQ,EQ,sell,false,1.000000,3700.600098,600793844,1300000005943470,2025-12-22T09:28:39
SILVERBEES,INF204KC1402,2025-12-29,NSE,EQ,EQ,sell,false,60.000000,234.410004,603626790,1300000027509749,2025-12-29T11:05:04
INDIGO,INE646L01027,2025-12-29,NSE,EQ,EQ,buy,false,2.000000,5086.500000,204167981,1100000033207761,2025-12-29T11:06:24
INDIGO,INE646L01027,2025-12-29,NSE,EQ,EQ,buy,false,3.000000,5086.500000,204167980,1100000033207761,2025-12-29T11:06:24
TITAN,INE280A01028,2025-12-31,NSE,EQ,EQ,sell,false,1.000000,4044.500000,603744894,1300000031488537,2025-12-31T11:55:40
TITAN,INE280A01028,2025-12-31,NSE,EQ,EQ,sell,false,4.000000,4044.300049,603744895,1300000031488537,2025-12-31T11:55:40
CHOLAFIN,INE121A01024,2026-01-06,BSE,EQ,A,sell,false,2.000000,1824.250000,4210400,1767673823787536934,2026-01-06T10:17:57
CANBK,INE476A01022,2026-01-06,NSE,EQ,EQ,buy,false,20.000000,155.690002,2768633,1000000026009471,2026-01-06T11:41:06
CANBK,INE476A01022,2026-01-06,NSE,EQ,EQ,buy,false,12.000000,155.679993,2783966,1000000026159730,2026-01-06T11:42:14
CANBK,INE476A01022,2026-01-06,NSE,EQ,EQ,buy,false,48.000000,155.679993,2783967,1000000026159730,2026-01-06T11:42:14
IMFA,INE919H01018,2026-01-12,NSE,EQ,EQ,buy,false,10.000000,1234.000000,209654916,1100000101913476,2026-01-12T14:57:18
RELIANCE,INE002A01018,2026-01-12,NSE,EQ,EQ,buy,false,9.000000,1483.900024,608181947,1300000080032014,2026-01-12T14:57:35
SILVERBEES,INF204KC1402,2026-01-14,NSE,EQ,EQ,sell,false,60.000000,260.959991,604365906,1300000041689029,2026-01-14T12:42:29
PENIND,INE932A01024,2026-01-16,NSE,EQ,EQ,sell,false,27.000000,180.000000,404695011,1200000045389452,2026-01-16T18:48:22
PENIND,INE932A01024,2026-01-16,NSE,EQ,EQ,sell,false,3.000000,180.000000,404695012,1200000045389452,2026-01-16T18:48:22
FEDERALBNK,INE171A01029,2026-01-19,BSE,EQ,A,sell,false,15.000000,280.000000,11623900,1768814272396483996,2026-01-19T15:05:24
IMFA,INE919H01018,2026-01-20,NSE,EQ,EQ,buy,false,1.000000,1100.500000,208619166,1100000077049960,2026-01-20T14:24:24
IMFA,INE919H01018,2026-01-20,NSE,EQ,EQ,buy,false,1.000000,1093.599976,209780813,1100000085715267,2026-01-20T14:58:43
IMFA,INE919H01018,2026-01-20,NSE,EQ,EQ,buy,false,1.000000,1093.599976,209780814,1100000085715267,2026-01-20T14:58:43
IMFA,INE919H01018,2026-01-20,NSE,EQ,EQ,buy,false,1.000000,1093.599976,209780817,1100000085715267,2026-01-20T14:58:43
IMFA,INE919H01018,2026-01-20,NSE,EQ,EQ,buy,false,2.000000,1093.599976,209780815,1100000085715267,2026-01-20T14:58:43
IMFA,INE919H01018,2026-01-20,NSE,EQ,EQ,buy,false,2.000000,1093.599976,209780816,1100000085715267,2026-01-20T14:58:43
SILVERBEES,INF204KC1402,2026-01-21,NSE,EQ,EQ,sell,false,44.000000,308.750000,606519598,1300000054987169,2026-01-21T11:49:59
APLAPOLLO,INE702C01027,2026-01-23,NSE,EQ,EQ,sell,false,14.000000,2040.000000,2365497,1000000027259243,2026-01-23T11:11:10
SILVERBEES,INF204KC1402,2026-01-30,NSE,EQ,EQ,sell,false,1.000000,319.730011,608648533,1300000075323729,2026-01-30T12:57:30
SILVERBEES,INF204KC1402,2026-01-30,NSE,EQ,EQ,sell,false,84.000000,319.730011,608648532,1300000075323729,2026-01-30T12:57:30
SILVERBEES,INF204KC1402,2026-01-30,NSE,EQ,EQ,sell,false,91.000000,319.730011,608648534,1300000075323729,2026-01-30T12:57:30
BAJAJFINSV,INE918I01026,2026-02-01,NSE,EQ,EQ,sell,false,1.000000,1900.099976,7480331,1000000088713309,2026-02-01T15:18:51
BAJAJFINSV,INE918I01026,2026-02-01,NSE,EQ,EQ,sell,false,2.000000,1900.000000,7480332,1000000088713309,2026-02-01T15:18:51
BAJAJFINSV,INE918I01026,2026-02-01,NSE,EQ,EQ,sell,false,2.000000,1900.000000,7480334,1000000088713309,2026-02-01T15:18:51
BAJAJFINSV,INE918I01026,2026-02-01,NSE,EQ,EQ,sell,false,2.000000,1900.000000,7480335,1000000088713309,2026-02-01T15:18:51
BAJAJFINSV,INE918I01026,2026-02-01,NSE,EQ,EQ,sell,false,3.000000,1900.000000,7480333,1000000088713309,2026-02-01T15:18:51
SILVERBEES,INF204KC1402,2026-02-02,NSE,EQ,EQ,buy,false,15.000000,221.309998,602983979,1300000024807041,2026-02-02T10:10:53
ITBEES,INF204KB15V2,2026-02-04,NSE,EQ,EQ,sell,false,175.000000,40.189999,211393684,1100000100517119,2026-02-04T15:28:28
LTIM,INE214T01019,2026-02-04,NSE,EQ,EQ,sell,false,1.000000,5697.500000,408530589,1200000089095090,2026-02-04T15:28:51
LTIM,INE214T01019,2026-02-04,NSE,EQ,EQ,sell,false,4.000000,5695.000000,408530590,1200000089095090,2026-02-04T15:28:51
JMFINANCIL,INE780C01023,2026-02-06,BSE,EQ,A,sell,false,33.000000,119.550003,6559000,1770359987359605376,2026-02-06T13:14:36
JMFINANCIL,INE780C01023,2026-02-06,BSE,EQ,A,sell,false,37.000000,119.500000,6559300,1770359987359605376,2026-02-06T13:14:36
MASTEK,INE759A01021,2026-02-09,NSE,EQ,EQ,sell,false,1.000000,1973.199951,405818644,1200000063175303,2026-02-09T13:52:41
MASTEK,INE759A01021,2026-02-09,NSE,EQ,EQ,sell,false,1.000000,1973.199951,405818645,1200000063175303,2026-02-09T13:52:41
MASTEK,INE759A01021,2026-02-09,NSE,EQ,EQ,sell,false,1.000000,1973.400024,405818641,1200000063175303,2026-02-09T13:52:41
MASTEK,INE759A01021,2026-02-09,NSE,EQ,EQ,sell,false,1.000000,1973.400024,405818642,1200000063175303,2026-02-09T13:52:41
MASTEK,INE759A01021,2026-02-09,NSE,EQ,EQ,sell,false,1.000000,1973.400024,405818643,1200000063175303,2026-02-09T13:52:41
MASTEK,INE759A01021,2026-02-09,NSE,EQ,EQ,sell,false,8.000000,1973.599976,405818640,1200000063175303,2026-02-09T13:52:41
SILVERBEES,INF204KC1402,2026-02-16,NSE,EQ,EQ,sell,false,15.000000,224.929993,602308859,1300000022800080,2026-02-16T10:24:19
KPL,INE552U01010,2026-02-18,BSE,EQ,B,sell,false,7.000000,1477.000000,2132100,1771385400086068116,2026-02-18T11:22:56
PIIND,INE603J01030,2026-02-19,NSE,EQ,EQ,buy,false,2.000000,3000.000000,403921748,1200000044121925,2026-02-19T12:23:06
NIFTYBEES,INF204KB14I2,2026-03-09,NSE,EQ,EQ,buy,false,60.000000,269.809998,403302391,1200000023605650,2026-03-09T10:29:31
MIDCAPETF,INF769K01IC9,2026-03-09,NSE,EQ,EQ,buy,false,300.000000,20.980000,403324740,1200000023810659,2026-03-09T10:30:22
TAJGVK,INE586B01026,2026-03-11,NSE,EQ,EQ,sell,false,2.000000,315.799988,601430191,1300000011830866,2026-03-11T09:38:42
TAJGVK,INE586B01026,2026-03-11,NSE,EQ,EQ,sell,false,2.000000,315.799988,601430192,1300000011830866,2026-03-11T09:38:42
TAJGVK,INE586B01026,2026-03-11,NSE,EQ,EQ,sell,false,23.000000,315.799988,601430190,1300000011830866,2026-03-11T09:38:42
TAJGVK,INE586B01026,2026-03-11,NSE,EQ,EQ,sell,false,3.000000,315.750000,601430193,1300000011830866,2026-03-11T09:38:42
MAHSEAMLES,INE271B01025,2026-03-13,NSE,EQ,EQ,sell,false,1.000000,549.700012,409318398,1200000096827076,2026-03-13T15:05:01
MAHSEAMLES,INE271B01025,2026-03-13,NSE,EQ,EQ,sell,false,7.000000,549.700012,409318397,1200000096827076,2026-03-13T15:05:01
GENESYS,INE727B01026,2026-03-13,BSE,EQ,B,sell,false,6.000000,275.750000,7512500,1773393347196307066,2026-03-13T15:16:45
SILVERBEES,INF204KC1402,2026-03-23,NSE,EQ,EQ,buy,false,10.000000,200.000000,604429044,1300000045020211,2026-03-23T11:03:19
AZAD,INE02IJ01035,2026-03-23,NSE,EQ,EQ,buy,false,12.000000,1375.000000,5753244,1000000071463215,2026-03-23T13:42:26
MARUTI,INE585B01010,2026-03-25,NSE,EQ,EQ,buy,false,1.000000,12719.000000,404884203,1200000056647240,2026-03-25T12:26:19
GOLDBEES,INF204KB17I5,2026-03-25,NSE,EQ,EQ,buy,false,100.000000,119.260002,206236925,1100000064981615,2026-03-25T12:26:47
GENESYS,INE727B01026,2026-03-30,BSE,EQ,B,sell,false,15.000000,226.850006,10200,1774841400000041001,2026-03-30T09:00:01
CANBK,INE476A01022,2026-03-30,NSE,EQ,EQ,sell,false,80.000000,127.910004,18682,1000000000016242,2026-03-30T09:00:01
APLAPOLLO,INE702C01027,2026-04-08,NSE,EQ,EQ,buy,false,1.000000,1989.900024,4215330,1000000034028946,2026-04-08T10:54:23
APLAPOLLO,INE702C01027,2026-04-08,NSE,EQ,EQ,buy,false,1.000000,1989.900024,4215331,1000000034028946,2026-04-08T10:54:23
APLAPOLLO,INE702C01027,2026-04-08,NSE,EQ,EQ,buy,false,1.000000,1989.900024,4215332,1000000034028946,2026-04-08T10:54:23
APLAPOLLO,INE702C01027,2026-04-08,NSE,EQ,EQ,buy,false,2.000000,1989.900024,4215333,1000000034028946,2026-04-08T10:54:23
SHRIRAMFIN,INE721A01047,2026-04-13,NSE,EQ,EQ,buy,false,5.000000,1000.500000,602384018,1300000019873949,2026-04-13T10:01:58
MCX,INE745G01043,2026-04-13,NSE,EQ,EQ,buy,false,4.000000,2746.899902,406367239,1200000081690760,2026-04-13T14:22:19
IMFA,INE919H01018,2026-04-16,NSE,EQ,EQ,sell,false,2.000000,1538.800049,205223167,1100000041572022,2026-04-16T11:13:23
IMFA,INE919H01018,2026-04-16,NSE,EQ,EQ,sell,false,3.000000,1538.800049,205223166,1100000041572022,2026-04-16T11:13:23
IMFA,INE919H01018,2026-04-16,NSE,EQ,EQ,sell,false,4.000000,1538.800049,205223165,1100000041572022,2026-04-16T11:13:23
CENTUM,INE320B01020,2026-04-16,NSE,EQ,EQ,buy,false,4.000000,2913.199951,3158797,1000000029527310,2026-04-16T11:15:43
CGPOWER,INE067A01029,2026-04-16,NSE,EQ,EQ,buy,false,6.000000,758.650024,3256746,1000000030369092,2026-04-16T11:20:35
CGPOWER,INE067A01029,2026-04-16,NSE,EQ,EQ,buy,false,1.000000,758.650024,3256747,1000000030369092,2026-04-16T11:20:35
CGPOWER,INE067A01029,2026-04-16,NSE,EQ,EQ,buy,false,1.000000,758.650024,3256748,1000000030369092,2026-04-16T11:20:35
CGPOWER,INE067A01029,2026-04-16,NSE,EQ,EQ,buy,false,6.000000,758.650024,3256744,1000000030369092,2026-04-16T11:20:35
CGPOWER,INE067A01029,2026-04-16,NSE,EQ,EQ,buy,false,1.000000,758.650024,3256745,1000000030369092,2026-04-16T11:20:35
CENTUM,INE320B01020,2026-04-16,NSE,EQ,EQ,buy,false,3.000000,2912.600098,3267213,1000000030467707,2026-04-16T11:21:11
TDPOWERSYS,INE419M01027,2026-04-17,NSE,EQ,EQ,buy,false,3.000000,985.599976,604537122,1300000043690678,2026-04-17T11:21:47
ARE&M,INE885A01032,2026-04-17,NSE,EQ,EQ,buy,false,1.000000,777.750000,6529523,1000000063517018,2026-04-17T14:11:10
ARE&M,INE885A01032,2026-04-17,NSE,EQ,EQ,buy,false,3.000000,777.750000,6529524,1000000063517018,2026-04-17T14:11:10
PIDILITIND,INE318A01026,2026-04-17,NSE,EQ,EQ,sell,false,4.000000,1392.800049,406516036,1200000071259670,2026-04-17T14:14:08
GODREJCP,INE102D01028,2026-04-17,NSE,EQ,EQ,sell,false,1.000000,1105.000000,208905747,1100000076080733,2026-04-17T14:14:41
GODREJCP,INE102D01028,2026-04-17,NSE,EQ,EQ,sell,false,1.000000,1105.000000,208905748,1100000076080733,2026-04-17T14:14:41
GODREJCP,INE102D01028,2026-04-17,NSE,EQ,EQ,sell,false,1.000000,1105.050049,208905745,1100000076080733,2026-04-17T14:14:41
GODREJCP,INE102D01028,2026-04-17,NSE,EQ,EQ,sell,false,2.000000,1105.050049,208905746,1100000076080733,2026-04-17T14:14:41
STYLAMIND,INE239C01020,2026-04-17,NSE,EQ,EQ,buy,false,4.000000,2245.300049,608285139,1300000082385368,2026-04-17T14:25:09
AZAD,INE02IJ01035,2026-04-23,NSE,EQ,EQ,sell,false,6.000000,2008.000000,2382014,1000000022797144,2026-04-23T10:30:52
GLENMARK,INE935A01035,2026-04-23,NSE,EQ,EQ,buy,false,6.000000,2327.899902,203586160,1100000033397343,2026-04-23T10:32:07
NLCINDIA,INE589A01014,2026-04-27,NSE,EQ,EQ,buy,false,12.000000,313.149994,405871997,1200000076645165,2026-04-27T14:08:46
TI,INE133E01013,2026-05-12,NSE,EQ,EQ,buy,false,1.000000,456.500000,604028934,1300000035661869,2026-05-12T10:49:50
TI,INE133E01013,2026-05-12,NSE,EQ,EQ,buy,false,1.000000,456.500000,604028935,1300000035661869,2026-05-12T10:49:50
TI,INE133E01013,2026-05-12,NSE,EQ,EQ,buy,false,2.000000,456.500000,604028932,1300000035661869,2026-05-12T10:49:50
TI,INE133E01013,2026-05-12,NSE,EQ,EQ,buy,false,5.000000,456.500000,604028933,1300000035661869,2026-05-12T10:49:50
TI,INE133E01013,2026-05-12,NSE,EQ,EQ,buy,false,6.000000,456.500000,604028931,1300000035661869,2026-05-12T10:49:50
TI,INE133E01013,2026-05-12,NSE,EQ,EQ,buy,false,50.000000,455.899994,604074690,1300000036115278,2026-05-12T10:51:48
NLCINDIA,INE589A01014,2026-05-14,NSE,EQ,EQ,sell,false,6.000000,382.200012,404404099,1200000042267110,2026-05-14T11:20:15
PRICOLLTD,INE726V01018,2026-05-18,NSE,EQ,EQ,buy,false,12.000000,553.150024,408461560,1200000090078105,2026-05-18T15:25:51
KPL,INE552U01010,2026-05-19,NSE,EQ,EQ,sell,false,5.000000,1861.400024,401691813,1200000019104503,2026-05-19T10:05:13
JUNIORBEES,INF732E01045,2026-05-19,NSE,EQ,EQ,buy,false,5.000000,745.000000,203036460,1100000026944522,2026-05-19T10:08:08
STYLAMIND,INE239C01020,2026-05-25,NSE,EQ,EQ,sell,false,2.000000,2852.000000,603607111,1300000035457702,2026-05-25T10:58:39
CGPOWER,INE067A01029,2026-05-27,BSE,EQ,A,sell,false,5.000000,915.250000,5901600,1779854386358859388,2026-05-27T09:50:41
KIRLPNU,INE811A01020,2026-05-27,NSE,EQ,EQ,sell,false,1.000000,1685.500000,401437363,1200000014296444,2026-05-27T09:52:13
KIRLPNU,INE811A01020,2026-05-27,NSE,EQ,EQ,sell,false,1.000000,1685.500000,401437364,1200000014296444,2026-05-27T09:52:13
KIRLPNU,INE811A01020,2026-05-27,NSE,EQ,EQ,sell,false,1.000000,1685.599976,401437361,1200000014296444,2026-05-27T09:52:13
KIRLPNU,INE811A01020,2026-05-27,NSE,EQ,EQ,sell,false,1.000000,1685.599976,401437362,1200000014296444,2026-05-27T09:52:13
KIRLPNU,INE811A01020,2026-05-27,NSE,EQ,EQ,sell,false,1.000000,1685.699951,401437360,1200000014296444,2026-05-27T09:52:13
MINDACORP,INE842C01021,2026-05-27,NSE,EQ,EQ,buy,false,28.000000,611.000000,404351548,1200000048877154,2026-05-27T12:33:40
ASTRAMICRO,INE386C01029,2026-05-27,NSE,EQ,EQ,sell,false,2.000000,1419.000000,6360760,1000000063877934,2026-05-27T14:04:19
SKIPPER,INE439E01022,2026-05-29,NSE,EQ,EQ,buy,false,17.000000,546.500000,607000706,1300000068859753,2026-05-29T13:26:06
SKIPPER,INE439E01022,2026-05-29,NSE,EQ,EQ,buy,false,8.000000,546.500000,607000705,1300000068859753,2026-05-29T13:26:06
CENTUM,INE320B01020,2026-06-01,NSE,EQ,EQ,sell,false,2.000000,3670.300049,4403176,1000000045908259,2026-06-01T12:03:22
CENTUM,INE320B01020,2026-06-01,NSE,EQ,EQ,sell,false,5.000000,3670.399902,4403175,1000000045908259,2026-06-01T12:03:22
NATIONALUM,INE139A01034,2026-06-02,NSE,EQ,EQ,buy,false,16.000000,442.299988,401736580,1200000016694952,2026-06-02T09:50:03
NATIONALUM,INE139A01034,2026-06-02,NSE,EQ,EQ,buy,false,7.000000,442.299988,401736581,1200000016694952,2026-06-02T09:50:03
NATIONALUM,INE139A01034,2026-06-02,NSE,EQ,EQ,buy,false,7.000000,442.299988,401736582,1200000016694952,2026-06-02T09:50:03
SKIPPER,INE439E01022,2026-06-04,NSE,EQ,EQ,sell,false,2.000000,580.099976,602629694,1300000024852333,2026-06-04T10:22:29
SKIPPER,INE439E01022,2026-06-04,NSE,EQ,EQ,sell,false,8.000000,580.049988,602629695,1300000024852333,2026-06-04T10:22:29
SKIPPER,INE439E01022,2026-06-04,NSE,EQ,EQ,buy,false,1.000000,577.200012,602998719,1300000028234370,2026-06-04T10:35:13
SKIPPER,INE439E01022,2026-06-04,NSE,EQ,EQ,buy,false,2.000000,577.200012,602998720,1300000028234370,2026-06-04T10:35:13
SKIPPER,INE439E01022,2026-06-04,NSE,EQ,EQ,buy,false,7.000000,577.200012,602998718,1300000028234370,2026-06-04T10:35:13
SKIPPER,INE439E01022,2026-06-04,NSE,EQ,EQ,buy,false,20.000000,575.599976,609706350,1300000092351019,2026-06-04T15:24:44
SBCL,INE386D01027,2026-06-09,NSE,EQ,EQ,buy,false,2.000000,732.650024,607659262,1300000088291044,2026-06-09T15:14:37
SBCL,INE386D01027,2026-06-09,NSE,EQ,EQ,buy,false,6.000000,732.650024,607659261,1300000088291044,2026-06-09T15:14:37
SBCL,INE386D01027,2026-06-09,NSE,EQ,EQ,buy,false,8.000000,732.650024,607659260,1300000088291044,2026-06-09T15:14:37
NLCINDIA,INE589A01014,2026-06-10,BSE,EQ,A,buy,false,50.000000,314.750000,8901200,1781072900201960599,2026-06-10T13:24:06
NATIONALUM,INE139A01034,2026-06-16,BSE,EQ,A,sell,false,30.000000,365.200012,6866100,1781596700498537942,2026-06-16T14:29:47
KIRLPNU,INE811A01020,2026-06-22,NSE,EQ,EQ,sell,false,5.000000,2025.099976,400044003,1200000000335695,2026-06-22T09:15:03
GOODLUCK,INE127I01024,2026-06-23,NSE,EQ,EQ,buy,false,14.000000,1443.000000,203058997,1100000026860432,2026-06-23T10:23:47
BIOCON,INE376G01013,2026-06-24,NSE,EQ,EQ,buy,false,6.000000,423.149994,5803230,1000000059704567,2026-06-24T14:42:44
BIOCON,INE376G01013,2026-06-24,NSE,EQ,EQ,buy,false,15.000000,422.799988,5906832,1000000060618339,2026-06-24T14:47:21
BIOCON,INE376G01013,2026-06-24,NSE,EQ,EQ,buy,false,7.000000,422.799988,5906833,1000000060618339,2026-06-24T14:47:21
ASTRAMICRO,INE386C01029,2026-06-30,NSE,EQ,EQ,sell,false,2.000000,1766.300049,979553,1000000008940179,2026-06-30T09:37:25
IOLCP,INE485C01029,2026-06-30,NSE,EQ,EQ,buy,false,30.000000,145.279999,204721942,1100000043018521,2026-06-30T11:38:31
IOLCP,INE485C01029,2026-06-30,NSE,EQ,EQ,buy,false,80.000000,145.720001,204795085,1100000043793902,2026-06-30T11:42:03
SILVERBEES,INF204KC1402,2026-07-02,NSE,EQ,EQ,sell,false,10.000000,216.869995,605152191,1300000044563774,2026-07-02T11:32:00
JUNIORBEES,INF732E01045,2026-07-02,NSE,EQ,EQ,sell,false,7.000000,780.599976,204340939,1100000039481084,2026-07-02T11:33:32
PHOENIXLTD,INE211B01039,2026-07-02,NSE,EQ,EQ,buy,false,2.000000,2001.400024,404482931,1200000048323418,2026-07-02T12:38:13
PHOENIXLTD,INE211B01039,2026-07-02,NSE,EQ,EQ,buy,false,2.000000,2001.500000,404482932,1200000048323418,2026-07-02T12:38:13
IOLCP,INE485C01029,2026-07-07,NSE,EQ,EQ,sell,false,20.000000,171.449997,202448354,1100000020669341,2026-07-07T10:06:14
IOLCP,INE485C01029,2026-07-07,NSE,EQ,EQ,sell,false,20.000000,171.449997,202448356,1100000020669341,2026-07-07T10:06:14
IOLCP,INE485C01029,2026-07-07,NSE,EQ,EQ,sell,false,4.000000,171.449997,202448353,1100000020669341,2026-07-07T10:06:14
IOLCP,INE485C01029,2026-07-07,NSE,EQ,EQ,sell,false,4.000000,171.449997,202448355,1100000020669341,2026-07-07T10:06:14
IOLCP,INE485C01029,2026-07-07,NSE,EQ,EQ,sell,false,4.000000,171.449997,202448357,1100000020669341,2026-07-07T10:06:14
IOLCP,INE485C01029,2026-07-07,NSE,EQ,EQ,sell,false,8.000000,171.449997,202448358,1100000020669341,2026-07-07T10:06:14
GABRIEL,INE524A01029,2026-07-07,NSE,EQ,EQ,buy,false,3.000000,1256.900024,202459966,1100000020771962,2026-07-07T10:06:36
GABRIEL,INE524A01029,2026-07-07,NSE,EQ,EQ,buy,false,5.000000,1256.900024,202459965,1100000020771962,2026-07-07T10:06:36
PHOENIXLTD,INE211B01039,2026-07-09,NSE,EQ,EQ,buy,false,3.000000,2106.399902,406961426,1200000067337380,2026-07-09T13:37:40
GABRIEL,INE524A01029,2026-07-09,NSE,EQ,EQ,buy,false,3.000000,1264.400024,207205785,1100000072194007,2026-07-09T13:37:59
STYLAMIND,INE239C01020,2026-07-21,NSE,EQ,EQ,sell,false,1.000000,3508.600098,601252681,1300000011505792,2026-07-21T09:41:28
SBIFUNDS,INE640G01020,2026-07-21,NSE,EQ,EQ,sell,false,26.000000,616.900024,800580811,1400000001658902,2026-07-21T10:11:59
SYNGENE,INE398R01022,2026-07-23,NSE,EQ,EQ,sell,false,20.000000,400.000000,600607171,1300000005133017,2026-07-23T09:23:21
SYNGENE,INE398R01022,2026-07-23,NSE,EQ,EQ,sell,false,7.000000,400.000000,600607169,1300000005133017,2026-07-23T09:23:21
INDIGO,INE646L01027,2026-07-24,BSE,EQ,A,sell,false,1.000000,4924.299805,10446600,1784871937531472207,2026-07-24T12:05:04
INDIGO,INE646L01027,2026-07-24,BSE,EQ,A,sell,false,4.000000,4924.250000,10446800,1784871937531472207,2026-07-24T12:05:04
PRICOLLTD,INE726V01018,2026-07-27,BSE,EQ,A,sell,false,11.000000,656.900024,5609600,1785131567122385766,2026-07-27T12:10:27
INDOMIM,INE084101034,2026-07-30,NSE,EQ,EQ,sell,false,10.000000,705.049988,801049116,1400000002534880,2026-07-30T10:42:15
INDOMIM,INE084101034,2026-07-30,NSE,EQ,EQ,sell,false,20.000000,705.000000,801049117,1400000002534880,2026-07-30T10:42:15
IOLCP,INE485C01029,2026-07-31,NSE,EQ,EQ,buy,false,70.000000,147.050003,206548642,1100000063781552,2026-07-31T13:34:28
ANTHEM,INE0CZ201020,2026-08-03,NSE,EQ,EQ,buy,false,10.000000,821.400024,6028924,1000000056663794,2026-08-03T14:07:24
ANTHEM,INE0CZ201020,2026-08-03,NSE,EQ,EQ,buy,false,1.000000,821.400024,6028923,1000000056663794,2026-08-03T14:07:24
PRICOLLTD,INE726V01018,2026-08-04,NSE,EQ,EQ,sell,false,5.000000,750.849976,402515218,1200000024361645,2026-08-04T10:32:11
PRICOLLTD,INE726V01018,2026-08-04,NSE,EQ,EQ,sell,false,5.000000,750.849976,402515219,1200000024361645,2026-08-04T10:32:11
360ONE,INE466L01038,2026-08-05,NSE,EQ,EQ,buy,false,7.000000,1182.599976,3021876,1000000030643086,2026-08-05T11:13:07
CAPLIPOINT,INE475E01026,2026-08-06,NSE,EQ,EQ,buy,false,10.000000,2584.899902,7343282,1000000070894007,2026-08-06T15:06:11
SBCL,INE386D01027,2026-08-10,NSE,EQ,EQ,sell,false,8.000000,1102.050049,608386000,1300000071257522,2026-08-10T14:22:58
UNOMINDA,INE405E01023,2026-08-10,NSE,EQ,EQ,buy,false,7.000000,1283.699951,608464234,1300000071875985,2026-08-10T14:26:34
UNOMINDA,INE405E01023,2026-08-10,NSE,EQ,EQ,buy,false,8.000000,1283.699951,608464233,1300000071875985,2026-08-10T14:26:34
ENDURANCE,INE913H01037,2026-08-12,NSE,EQ,EQ,buy,false,2.000000,2997.300049,206937752,1100000058109766,2026-08-12T12:42:10
ENDURANCE,INE913H01037,2026-08-12,NSE,EQ,EQ,buy,false,4.000000,2997.300049,206937751,1100000058109766,2026-08-12T12:42:10
AZAD,INE02IJ01035,2026-08-13,NSE,EQ,EQ,sell,false,4.000000,2600.000000,2115604,1000000016173987,2026-08-13T10:14:06
JTEKTINDIA,INE643A01035,2026-08-24,NSE,EQ,EQ,sell,false,35.000000,125.099998,200011438,1100000000029219,2026-08-24T09:00:02
LTFOODS,INE818H01020,2026-08-24,NSE,EQ,EQ,buy,false,24.000000,470.500000,404640048,1200000042344945,2026-08-24T12:09:07
LTFOODS,INE818H01020,2026-08-24,NSE,EQ,EQ,buy,false,6.000000,470.500000,404640049,1200000042344945,2026-08-24T12:09:07
IOLCP,INE485C01029,2026-08-26,BSE,EQ,B,buy,false,40.000000,181.500000,6607800,1787718283154281201,2026-08-26T10:04:51
IOLCP,INE485C01029,2026-08-26,BSE,EQ,B,buy,false,10.000000,181.300003,6624000,1787718283154282084,2026-08-26T10:05:29
STARCEMENT,INE460H01021,2026-08-27,NSE,EQ,EQ,sell,false,10.000000,186.000000,607160234,1300000062561857,2026-08-27T14:03:10
STARCEMENT,INE460H01021,2026-08-27,NSE,EQ,EQ,sell,false,1.000000,186.000000,607160231,1300000062561857,2026-08-27T14:03:10
STARCEMENT,INE460H01021,2026-08-27,NSE,EQ,EQ,sell,false,1.000000,186.000000,607160233,1300000062561857,2026-08-27T14:03:10
STARCEMENT,INE460H01021,2026-08-27,NSE,EQ,EQ,sell,false,1.000000,186.000000,607160235,1300000062561857,2026-08-27T14:03:10
STARCEMENT,INE460H01021,2026-08-27,NSE,EQ,EQ,sell,false,17.000000,186.000000,607160229,1300000062561857,2026-08-27T14:03:10
STARCEMENT,INE460H01021,2026-08-27,NSE,EQ,EQ,sell,false,2.000000,186.000000,607160230,1300000062561857,2026-08-27T14:03:10
STARCEMENT,INE460H01021,2026-08-27,NSE,EQ,EQ,sell,false,3.000000,186.000000,607160236,1300000062561857,2026-08-27T14:03:10
STARCEMENT,INE460H01021,2026-08-27,NSE,EQ,EQ,sell,false,5.000000,186.000000,607160232,1300000062561857,2026-08-27T14:03:10
IGIL,INE0Q9301021,2026-08-31,BSE,EQ,A,sell,false,7.000000,333.799988,1180100,1788147000017416851,2026-08-31T10:55:35
NMDC,INE584A01023,2026-08-31,NSE,EQ,EQ,sell,false,100.000000,85.330002,403349460,1200000031440047,2026-08-31T11:11:00
